0.146454, -0.019854
0.287115, -0.064746
0.422160, -0.123984
0.564432, -0.186723
0.708853, -0.247071
0.849288, -0.305446
0.981688, -0.360445
1.120659, -0.418165
1.265699, -0.478446
1.396574, -0.534712
1.531369, -0.592924
1.669851, -0.652908
1.811806, -0.714492
1.957027, -0.777531
2.105311, -0.841912
2.256462, -0.907543
2.388163, -0.964730
2.521724, -1.022725
2.657043, -1.081484
2.794022, -1.140963
2.932568, -1.201123
3.072594, -1.261926
3.214018, -1.323335
3.356761, -1.385318
3.500750, -1.447841
3.645854, -1.511018
3.791411, -1.576169
3.937860, -1.642124
4.085106, -1.708939
4.233151, -1.776460
4.382001, -1.844537
4.531643, -1.913070
4.681982, -1.982141
4.832355, -2.053062
4.983237, -2.124696
5.134547, -2.197113
5.286314, -2.270156
5.438572, -2.343666
5.591331, -2.417537
5.719010, -2.479324
5.847022, -2.541295
5.975357, -2.603433
6.104000, -2.665726
6.232939, -2.728166
6.362161, -2.790744
6.491652, -2.853453
6.621399, -2.916288
6.751392, -2.979241
6.881619, -3.042307
7.011999, -3.105623
7.142001, -3.170245
7.272070, -3.235236
7.402143, -3.300699
7.532232, -3.366582
7.662381, -3.432780
7.792160, -3.500101
7.921745, -3.568180
8.051278, -3.636717
8.180746, -3.705722
8.310198, -3.775083
8.439681, -3.844695
8.569229, -3.914480
8.698861, -3.984391
8.828585, -4.054397
8.958406, -4.124479
9.088323, -4.194627
9.218333, -4.264832
9.348434, -4.335089
9.478622, -4.405396
9.608894, -4.475748
9.739245, -4.546144
9.869672, -4.616582
10.000171, -4.687059
10.130740, -4.757573
10.261375, -4.828123
10.392072, -4.898707
10.522830, -4.969323
10.653644, -5.039970
10.784514, -5.110647
10.915435, -5.181352
11.046405, -5.252083
11.177423, -5.322840
11.308486, -5.393621
11.439592, -5.464426
11.570739, -5.535252
11.701924, -5.606100
11.833147, -5.676967
11.964406, -5.747854
12.095698, -5.818759
12.227022, -5.889681
12.358377, -5.960620
12.489762, -6.031575
12.621174, -6.102545
12.752613, -6.173529
12.884077, -6.244527
13.015566, -6.315539
13.147077, -6.386562
13.278611, -6.457597
13.410165, -6.528644
13.541740, -6.599702
13.673333, -6.670769
13.804945, -6.741847
13.936574, -6.812934
14.068219, -6.884030
14.199880, -6.955134
14.331557, -7.026247
14.463247, -7.097367
14.594951, -7.168494
14.726669, -7.239629
14.858398, -7.310770
14.990139, -7.381918
15.121892, -7.453071
15.253655, -7.524231
15.385429, -7.595396
15.517212, -7.666566
15.649005, -7.737741
15.780807, -7.808922
15.912617, -7.880106
16.044435, -7.951295
16.176260, -8.022489
16.308093, -8.093686
16.439933, -8.164887
16.571780, -8.236091
16.703633, -8.307299
16.835492, -8.378510
16.967357, -8.449725
17.099227, -8.520942
17.231103, -8.592162
17.362984, -8.663385
17.494869, -8.734610
17.626759, -8.805838
17.758653, -8.877068
17.890552, -8.948301
18.022454, -9.019535
18.154360, -9.090772
18.286270, -9.162010
18.418183, -9.233251
18.550099, -9.304493
18.682018, -9.375737
18.813941, -9.446982
18.945866, -9.518229
19.077794, -9.589477
19.209724, -9.660727
19.341657, -9.731978
19.473592, -9.803230
19.605530, -9.874484
19.737469, -9.945738
19.869411, -10.016994
20.001354, -10.088251
20.133299, -10.159509
20.265246, -10.230767
20.397195, -10.302027
20.529145, -10.373287
20.661097, -10.444549
20.793051, -10.515811
20.925005, -10.587074
21.056961, -10.658337
21.188918, -10.729601
21.320877, -10.800866
21.452836, -10.872132
21.584797, -10.943398
21.716759, -11.014664
21.848721, -11.085931
21.980685, -11.157199
22.112649, -11.228467
22.244615, -11.299736
22.376581, -11.371005
22.508548, -11.442274
22.640515, -11.513544
22.772484, -11.584814
22.904453, -11.656085
23.036422, -11.727356
23.168393, -11.798627
23.300363, -11.869898
23.432335, -11.941170
23.564307, -12.012442
23.696279, -12.083715
23.828252, -12.154988
23.960225, -12.226261
24.092199, -12.297534
24.224174, -12.368807
24.356148, -12.440081
24.488123, -12.511354
24.620099, -12.582629
24.752074, -12.653903
24.884050, -12.725177
25.016027, -12.796452
25.148003, -12.867726
25.279980, -12.939001
25.411958, -13.010276
25.543935, -13.081551
25.675913, -13.152827
25.807891, -13.224102
25.939869, -13.295377
26.071847, -13.366653
26.203826, -13.437929
26.335805, -13.509205
26.467784, -13.580481
26.599763, -13.651757
26.731742, -13.723033
26.863722, -13.794309
26.995701, -13.865585
27.127681, -13.936862
27.259661, -14.008138
27.391641, -14.079415
27.523621, -14.150691
27.655601, -14.221968
27.787582, -14.293245
27.919562, -14.364522
28.051543, -14.435798
28.183524, -14.507075
28.315505, -14.578352
28.447485, -14.649629
28.579466, -14.720906
28.711447, -14.792183
28.843429, -14.863460
28.975410, -14.934738
29.107391, -15.006015
29.239373, -15.077292
29.371354, -15.148569
29.503335, -15.219847
29.635317, -15.291124
29.767299, -15.362401
29.899280, -15.433679
30.031262, -15.504956
30.163244, -15.576234
30.295226, -15.647511
30.427207, -15.718789
30.559189, -15.790066
30.691171, -15.861344
30.823153, -15.932621
30.955135, -16.003899
31.087117, -16.075177
31.219099, -16.146454
31.351081, -16.217732
31.483064, -16.289009
31.615046, -16.360287
31.747028, -16.431565
31.879010, -16.502843
32.010992, -16.574120
32.142975, -16.645398
32.274957, -16.716676
32.406939, -16.787953
32.538922, -16.859231
32.670904, -16.930509
32.802886, -17.001787
32.934869, -17.073065
33.066851, -17.144342
33.198834, -17.215620
33.330816, -17.286898
33.462799, -17.358176
33.594781, -17.429454
33.726763, -17.500732
33.858746, -17.572009
33.990728, -17.643287
34.122711, -17.714565
34.254694, -17.785843
34.386676, -17.857121
34.518659, -17.928399
34.650641, -17.999677
34.782624, -18.070955
34.914606, -18.142232
35.046589, -18.213510
35.178572, -18.284788
35.310554, -18.356066
35.442537, -18.427344
35.574519, -18.498622
35.706502, -18.569900
35.838485, -18.641178
35.970467, -18.712456
36.102450, -18.783734
36.234433, -18.855012
36.366415, -18.926290
36.498398, -18.997567
36.630380, -19.068845
36.762363, -19.140123
36.894346, -19.211401
37.026328, -19.282679
37.158311, -19.353957
37.290294, -19.425235
37.422277, -19.496513
37.554259, -19.567791
37.686242, -19.639069
37.818225, -19.710347
37.950207, -19.781625
38.082190, -19.852903
38.214173, -19.924181
38.346155, -19.995459
38.478138, -20.066737
38.610121, -20.138015
38.742104, -20.209293
38.874086, -20.280571
39.006069, -20.351849
39.138052, -20.423127
39.270034, -20.494405
39.402017, -20.565683
39.534000, -20.636961
39.665983, -20.708239
39.797965, -20.779517
39.929948, -20.850795
40.061931, -20.922072
40.193913, -20.993350
40.325896, -21.064628
40.457879, -21.135906
40.589862, -21.207184
40.721844, -21.278462
40.853827, -21.349740
40.985810, -21.421018
41.117793, -21.492296
41.249775, -21.563574
41.381758, -21.634852
41.513741, -21.706130
41.645724, -21.777408
41.777706, -21.848686
41.909689, -21.919964
42.041672, -21.991242
42.173655, -22.062520
42.305637, -22.133798
42.437620, -22.205076
42.569603, -22.276354
42.701586, -22.347632
42.833568, -22.418910
42.965551, -22.490188
43.097534, -22.561466
43.229516, -22.632744
43.361499, -22.704022
43.493482, -22.775300
43.625465, -22.846578
43.757447, -22.917856
43.889430, -22.989134
44.021413, -23.060412
44.153396, -23.131690
44.285378, -23.202968
44.417361, -23.274246
44.549344, -23.345524
44.681327, -23.416802
44.813309, -23.488080
44.945292, -23.559358
45.077275, -23.630636
45.209258, -23.701914
45.341240, -23.773192
45.473223, -23.844470
45.605206, -23.915748
45.737189, -23.987026
45.869172, -24.058304
46.001154, -24.129582
46.133616, -24.199963
46.266399, -24.269740
46.399368, -24.339160
46.533147, -24.406998
46.669465, -24.469549
46.808599, -24.525574
46.949468, -24.577094
47.092459, -24.622342
47.237710, -24.659744
47.384102, -24.692427
47.531333, -24.721084
47.679631, -24.743525
47.828599, -24.761069
47.977870, -24.775818
48.127413, -24.787502
48.277089, -24.797350
48.426845, -24.805894
48.576647, -24.813596
48.726476, -24.820751
48.876393, -24.825574
49.026361, -24.823719
49.175879, -24.812083
49.324364, -24.790951
49.471686, -24.762783
49.617531, -24.727805
49.760689, -24.683141
49.900096, -24.627843
50.036295, -24.565023
50.170011, -24.497068
50.301532, -24.424951
50.431038, -24.349280
50.556989, -24.267852
50.677189, -24.178173
50.790677, -24.080128
50.898418, -23.975783
51.001174, -23.866532
51.096574, -23.750823
51.182084, -23.627636
51.257236, -23.497859
51.324047, -23.363577
51.384680, -23.226390
51.438392, -23.086358
51.482373, -22.942990
51.514600, -22.796536
51.534694, -22.647922
51.545121, -22.498302
51.548514, -22.348352
51.544351, -22.198429
51.533762, -22.048808
51.519710, -21.899470
51.502984, -21.750407
51.484445, -21.601557
51.464742, -21.452857
51.442358, -21.304543
51.413184, -21.157430
51.374280, -21.012596
51.324836, -20.871009
51.267011, -20.732619
51.203168, -20.596894
51.134510, -20.463536
51.062538, -20.331933
50.988499, -20.201480
50.913236, -20.071729
50.837271, -19.942388
50.760912, -19.813278
50.684337, -19.684296
50.607644, -19.555384
50.530888, -19.426511
50.454097, -19.297657
50.377288, -19.168815
50.300470, -19.039978
50.223647, -18.911144
50.146821, -18.782312
50.069993, -18.653480
49.993165, -18.524649
49.916336, -18.395818
49.839508, -18.266988
49.762679, -18.138157
49.685850, -18.009326
49.609021, -17.880496
49.532192, -17.751665
49.455363, -17.622835
49.378534, -17.494004
49.301706, -17.365173
49.224877, -17.236343
49.148048, -17.107512
49.071219, -16.978682
48.994390, -16.849851
48.917561, -16.721021
48.840732, -16.592190
48.763903, -16.463359
48.687074, -16.334529
48.610245, -16.205698
48.533416, -16.076868
48.456587, -15.948037
48.379759, -15.819207
48.302930, -15.690376
48.226101, -15.561545
48.149272, -15.432715
48.072443, -15.303884
47.995614, -15.175054
47.918785, -15.046223
47.841956, -14.917392
47.765127, -14.788562
47.688298, -14.659731
47.611469, -14.530901
47.534640, -14.402070
47.457811, -14.273240
47.380983, -14.144409
47.304154, -14.015578
47.227325, -13.886748
47.150496, -13.757917
47.073667, -13.629087
46.996838, -13.500256
46.920009, -13.371426
46.843180, -13.242595
46.766351, -13.113764
46.689522, -12.984934
46.612693, -12.856103
46.535864, -12.727273
46.459035, -12.598442
46.382207, -12.469612
46.305378, -12.340781
46.228549, -12.211950
46.151720, -12.083120
46.074891, -11.954289
45.998062, -11.825459
45.921233, -11.696628
45.844404, -11.567798
45.767575, -11.438967
45.690746, -11.310136
45.613917, -11.181306
45.537088, -11.052475
45.460260, -10.923645
45.383431, -10.794814
45.306602, -10.665984
45.229773, -10.537153
45.152944, -10.408322
45.076115, -10.279492
44.999286, -10.150661
44.922457, -10.021831
44.845628, -9.893000
44.768799, -9.764170
44.691970, -9.635339
44.615141, -9.506508
44.538312, -9.377678
44.461484, -9.248847
44.384655, -9.120017
44.307826, -8.991186
44.230997, -8.862355
44.154168, -8.733525
44.077339, -8.604694
44.000510, -8.475864
43.923681, -8.347033
43.846852, -8.218203
43.770023, -8.089372
43.693194, -7.960541
43.616365, -7.831711
43.539871, -7.702682
43.466339, -7.571949
43.395454, -7.439755
43.326661, -7.306465
43.263614, -7.170380
43.209395, -7.030546
43.162502, -6.888077
43.121474, -6.743804
43.084995, -6.598312
43.053287, -6.451711
43.025617, -6.304287
43.000036, -6.156486
42.976496, -6.008346
42.957005, -5.859623
42.939803, -5.710613
42.924925, -5.561357
42.916101, -5.411635
42.915396, -5.261649
42.921779, -5.111806
42.939276, -4.962875
42.969638, -4.816025
43.010904, -4.671838
43.059770, -4.530034
43.114518, -4.390391
43.174109, -4.252741
43.236513, -4.116340
43.300731, -3.980782
43.366053, -3.845753
43.432020, -3.711037
43.498700, -3.576673
43.568828, -3.444086
43.643104, -3.313771
43.719483, -3.184675
43.797900, -3.056806
43.877979, -2.929971
43.959180, -2.803851
44.041077, -2.678181
44.123515, -2.552866
44.208546, -2.429304
44.297734, -2.308705
44.389088, -2.189734
44.482308, -2.072219
44.577149, -1.956009
44.673142, -1.840747
44.770797, -1.726892
44.869214, -1.613692
44.968198, -1.500989
45.067634, -1.388684
45.167375, -1.276649
45.268290, -1.165675
45.372833, -1.058118
45.479949, -0.953114
45.588654, -0.849757
45.698917, -0.748063
45.810326, -0.647625
45.922476, -0.548014
46.035073, -0.448908
46.147929, -0.350098
46.260932, -0.251455
46.374016, -0.152906
46.487145, -0.054407
46.600297, 0.044063
46.713463, 0.142519
46.826635, 0.240967
46.939812, 0.339411
47.052990, 0.437852
47.166169, 0.536292
47.279349, 0.634732
47.392528, 0.733171
47.505709, 0.831610
47.618889, 0.930049
47.732069, 1.028488
47.845249, 1.126927
47.958429, 1.225366
48.071610, 1.323805
48.184790, 1.422244
48.297970, 1.520683
48.411150, 1.619122
48.524331, 1.717561
48.637511, 1.816000
48.750691, 1.914439
48.863871, 2.012878
48.977052, 2.111317
49.090232, 2.209756
49.203412, 2.308195
49.316592, 2.406634
49.429773, 2.505073
49.542953, 2.603512
49.656133, 2.701951
49.769313, 2.800390
49.882494, 2.898829
49.995674, 2.997268
50.108854, 3.095707
50.222034, 3.194146
50.335215, 3.292585
50.448395, 3.391024
50.561575, 3.489463
50.674755, 3.587902
50.787936, 3.686341
50.901116, 3.784780
51.014296, 3.883219
51.127476, 3.981658
51.240657, 4.080097
51.353837, 4.178535
51.467017, 4.276974
51.580197, 4.375413
51.693378, 4.473852
51.806558, 4.572291
51.919738, 4.670730
52.032918, 4.769169
52.146099, 4.867608
52.259279, 4.966047
52.372459, 5.064486
52.485639, 5.162925
52.598820, 5.261364
52.712000, 5.359803
52.825180, 5.458242
52.938360, 5.556681
53.051541, 5.655120
53.164721, 5.753559
53.277901, 5.851998
53.391081, 5.950437
53.504262, 6.048876
53.617442, 6.147315
53.730622, 6.245754
53.843802, 6.344193
53.956983, 6.442632
54.070163, 6.541071
54.183343, 6.639510
54.296523, 6.737949
54.409704, 6.836388
54.522884, 6.934827
54.636064, 7.033266
54.749244, 7.131705
54.862425, 7.230144
54.975605, 7.328583
55.088785, 7.427022
55.201965, 7.525460
55.315146, 7.623899
55.428326, 7.722338
55.541506, 7.820777
55.654686, 7.919216
55.767867, 8.017655
55.881047, 8.116094
55.994227, 8.214533
56.107407, 8.312972
56.220588, 8.411411
56.333768, 8.509850
56.446948, 8.608289
56.560128, 8.706728
56.673309, 8.805167
56.786489, 8.903606
56.899669, 9.002045
57.012849, 9.100484
57.126030, 9.198923
57.238329, 9.298362
57.346875, 9.401865
57.450559, 9.510249
57.550920, 9.621724
57.648505, 9.735637
57.743657, 9.851591
57.837094, 9.968934
57.929439, 10.087138
58.021131, 10.205851
58.112445, 10.324854
58.203547, 10.444019
58.294533, 10.563274
58.385328, 10.682673
58.473801, 10.803794
58.556251, 10.929076
58.632104, 11.058470
58.703203, 11.190543
58.770364, 11.324663
58.834218, 11.460390
58.895785, 11.597172
58.955913, 11.734592
59.015186, 11.872384
59.073967, 12.010387
59.132473, 12.148507
59.190827, 12.286691
59.249098, 12.424910
59.307324, 12.563148
59.365527, 12.701395
59.423717, 12.839649
59.481901, 12.977904
59.540081, 13.116162
59.598259, 13.254420
59.656436, 13.392678
59.714612, 13.530937
59.772789, 13.669196
59.830965, 13.807455
59.889141, 13.945714
59.947317, 14.083973
60.005493, 14.222232
60.063669, 14.360491
60.121486, 14.498900
60.176133, 14.638585
60.227955, 14.779348
60.278279, 14.920654
60.326974, 15.062529
60.374405, 15.204832
60.420998, 15.347412
60.467077, 15.490159
60.512854, 15.633003
60.558459, 15.775903
60.603969, 15.918832
60.649425, 16.061779
60.694854, 16.204734
60.740267, 16.347694
60.785672, 16.490657
60.831073, 16.633622
60.876471, 16.776587
60.921868, 16.919552
60.967265, 17.062518
61.012661, 17.205483
61.058057, 17.348449
61.103453, 17.491415
61.148849, 17.634381
61.194244, 17.777346
61.239679, 17.920300
61.287049, 18.062619
61.338131, 18.203651
61.390837, 18.344085
61.445181, 18.483894
61.500937, 18.623146
61.557669, 18.762004
61.616241, 18.900091
61.679590, 19.036049
61.746335, 19.170379
61.815194, 19.303638
61.887276, 19.435175
61.964391, 19.563827
62.044194, 19.690836
62.126006, 19.816559
62.209485, 19.941183
62.294099, 20.065039
62.380508, 20.187645
62.471590, 20.306809
62.567032, 20.422522
62.664974, 20.536129
62.765211, 20.647717
62.867231, 20.757679
62.970430, 20.866536
63.074349, 20.974706
63.178690, 21.082469
63.283271, 21.190000
63.387985, 21.297401
63.492773, 21.404730
63.597600, 21.512020
63.702449, 21.619290
63.807308, 21.726549
63.912174, 21.833801
64.017044, 21.941051
64.121915, 22.048299
64.226786, 22.155546
64.331659, 22.262792
64.436531, 22.370038
64.541404, 22.477285
64.646276, 22.584531
64.751149, 22.691777
64.856022, 22.799023
64.960894, 22.906269
65.065767, 23.013515
65.170640, 23.120761
65.275513, 23.228007
65.380385, 23.335253
65.485258, 23.442499
65.590131, 23.549745
65.695004, 23.656991
65.799876, 23.764237
65.904749, 23.871483
66.009622, 23.978729
66.114494, 24.085975
66.219367, 24.193221
66.324240, 24.300467
66.429113, 24.407713
66.533707, 24.515230
66.635586, 24.625310
66.731520, 24.740596
66.821726, 24.860428
66.907824, 24.983251
66.990321, 25.108523
67.069589, 25.235861
67.143940, 25.366125
67.214403, 25.498543
67.282712, 25.632084
67.349052, 25.766616
67.413954, 25.901847
67.477928, 26.037521
67.540987, 26.173621
67.601717, 26.310777
67.661634, 26.448290
67.720714, 26.586165
67.779077, 26.724345
67.836942, 26.862734
67.894494, 27.001254
67.951861, 27.139851
68.008760, 27.278639
68.062125, 27.418815
68.108720, 27.561382
68.150084, 27.705561
68.187783, 27.850742
68.222082, 27.996765
68.253849, 28.143362
68.283964, 28.290307
68.313075, 28.437455
68.341600, 28.584718
68.369794, 28.732044
68.396572, 28.879632
68.421581, 29.027533
68.445913, 29.175546
68.469423, 29.323692
68.492288, 29.471939
68.514724, 29.620251
68.536896, 29.768604
68.558913, 29.916979
68.580842, 30.065367
68.602721, 30.213763
68.624573, 30.362163
68.646411, 30.510565
68.668240, 30.658968
68.689305, 30.807480
68.707267, 30.956399
68.723997, 31.105463
68.739516, 31.254657
68.753920, 31.403964
68.767536, 31.553345
68.780649, 31.702770
68.793461, 31.852222
68.806100, 32.001689
68.819968, 32.151043
68.837835, 32.299973
68.857685, 32.448653
68.879206, 32.597100
68.902301, 32.745311
68.926678, 32.893316
68.953813, 33.040839
68.982277, 33.188114
69.011738, 33.335192
69.042078, 33.482091
69.073032, 33.628862
69.104414, 33.775543
69.138015, 33.921726
69.177388, 34.066455
69.221371, 34.209859
69.268247, 34.352343
69.317892, 34.493888
69.369624, 34.634684
69.422721, 34.774971
69.476650, 34.914941
69.531063, 35.054724
69.585751, 35.194399
69.640592, 35.334015
69.695517, 35.473597
69.750487, 35.613162
69.805481, 35.752717
69.861725, 35.891770
69.923133, 36.028605
69.992896, 36.161363
70.071203, 36.289276
70.155898, 36.413064
70.245377, 36.533443
70.338691, 36.650879
70.434559, 36.766242
70.532021, 36.880264
70.630427, 36.993472
70.729374, 37.106209
70.828624, 37.218678
70.928041, 37.331000
71.027550, 37.443241
71.127107, 37.555439
71.226691, 37.667613
71.326406, 37.779670
71.428234, 37.889802
71.533646, 37.996513
71.640911, 38.101364
71.749894, 38.204427
71.862180, 38.303866
71.978603, 38.398438
72.097224, 38.490244
72.217576, 38.579770
72.339326, 38.667385
72.462014, 38.753685
72.585277, 38.839161
72.708879, 38.924146
72.832674, 39.008850
72.956577, 39.093397
73.080539, 39.177857
73.204533, 39.262269
73.328974, 39.346019
73.455957, 39.425839
73.586598, 39.499527
73.719614, 39.568849
73.854885, 39.633640
73.993484, 39.690955
74.134255, 39.742743
74.276287, 39.790973
74.419308, 39.836188
74.563199, 39.878543
74.708027, 39.917587
74.853226, 39.955232
74.998744, 39.991625
75.144490, 40.027097
75.290379, 40.061970
75.436355, 40.096482
75.582380, 40.130784
75.728434, 40.164966
75.874674, 40.198334
76.021820, 40.227411
76.169715, 40.252436
76.317973, 40.275222
76.466566, 40.295713
76.615396, 40.314402
76.764417, 40.331504
76.913865, 40.344230
77.063665, 40.351926
77.213577, 40.357011
77.363553, 40.359616
77.513551, 40.360207
77.663548, 40.359436
77.813540, 40.357820
77.963525, 40.355705
78.113505, 40.353304
78.263484, 40.350744
78.413457, 40.347939
78.563342, 40.342238
78.712958, 40.331571
78.862366, 40.318275
79.011550, 40.302663
79.160506, 40.285005
79.309287, 40.265916
79.457948, 40.245924
79.606537, 40.225394
79.755082, 40.204554
79.903603, 40.183541
80.052110, 40.162431
80.200610, 40.141269
80.349105, 40.120078
80.497599, 40.098873
80.646091, 40.077659
80.794583, 40.056441
80.943074, 40.035221
81.091566, 40.014000
81.240057, 39.992778
81.388548, 39.971556
81.537039, 39.950334
81.685530, 39.929111
81.834016, 39.907849
81.982481, 39.886447
82.130942, 39.865014
82.279395, 39.843529
82.427842, 39.822002
82.576286, 39.800447
82.724726, 39.778874
82.873165, 39.757290
83.021603, 39.735700
83.170041, 39.714107
83.318291, 39.691274
83.466275, 39.666766
83.614155, 39.641637
83.761898, 39.615715
83.909530, 39.589167
84.057086, 39.562200
84.204594, 39.534974
84.352075, 39.507597
84.499539, 39.480133
84.646994, 39.452620
84.794445, 39.425081
84.941892, 39.397528
85.089339, 39.369967
85.236784, 39.342401
85.384229, 39.314834
85.531674, 39.287265
85.679118, 39.259696
85.826563, 39.232127
85.974145, 39.205313
86.122436, 39.182789
86.271294, 39.164326
86.420412, 39.148105
86.569764, 39.134186
86.719274, 39.122075
86.868876, 39.111168
87.018534, 39.101043
87.168333, 39.093389
87.318309, 39.092493
87.468048, 39.100971
87.617152, 39.117232
87.765485, 39.139454
87.912295, 39.170087
88.056258, 39.212065
88.196687, 39.264717
88.334050, 39.324949
88.468817, 39.390786
88.601140, 39.461422
88.731831, 39.535038
88.861404, 39.610607
88.990278, 39.687362
89.118737, 39.764810
89.246958, 39.842651
89.375047, 39.920711
89.503063, 39.998889
89.631039, 40.077133
89.758994, 40.155412
89.886938, 40.233709
90.014875, 40.312016
90.142810, 40.390328
90.270742, 40.468643
90.398674, 40.546960
90.551787, 40.641594
90.677223, 40.723841
90.801280, 40.808160
90.924408, 40.893829
91.046573, 40.980866
91.168017, 41.068909
91.288986, 41.157601
91.409666, 41.246687
91.530178, 41.336000
91.650594, 41.425443
91.770773, 41.515203
91.890553, 41.605496
92.010213, 41.695948
92.129711, 41.786614
92.249080, 41.877448
92.368364, 41.968395
92.487595, 42.059412
92.606794, 42.150469
92.725976, 42.241550
92.845148, 42.332644
92.964314, 42.423745
93.083240, 42.515158
93.200814, 42.608305
93.317960, 42.701990
93.434605, 42.796297
93.550796, 42.891163
93.666667, 42.986420
93.782333, 43.081926
93.897903, 43.177548
94.013492, 43.273147
94.129062, 43.368769
94.244643, 43.464378
94.360239, 43.559968
94.475847, 43.655545
94.591463, 43.751111
94.707084, 43.846671
94.822708, 43.942228
94.938333, 44.037783
95.053960, 44.133337
95.169612, 44.228859
95.286063, 44.323405
95.402803, 44.417595
95.519819, 44.511443
95.637100, 44.604957
95.754599, 44.698199
95.873471, 44.789676
95.994770, 44.877914
96.117120, 44.964691
96.240717, 45.049679
96.367215, 45.130264
96.497379, 45.204793
96.629671, 45.275490
96.763586, 45.343059
96.899979, 45.405445
97.039968, 45.459244
97.182955, 45.504524
97.327700, 45.543853
97.473647, 45.578463
97.620527, 45.608867
97.768546, 45.633069
97.917455, 45.651085
98.066730, 45.665784
98.216262, 45.677597
98.365956, 45.687168
98.515738, 45.695249
98.665566, 45.702416
98.815420, 45.709046
98.965286, 45.715371
99.115160, 45.721525
99.265037, 45.727587
99.414917, 45.733597
99.564798, 45.739581
99.714679, 45.745549
99.864560, 45.751510
100.014442, 45.757468
100.164324, 45.763422
100.314205, 45.769376
100.464087, 45.775330
100.613969, 45.781282
100.763851, 45.787235
100.913733, 45.793188
101.063615, 45.799140
101.213496, 45.805093
101.363378, 45.811046
101.513260, 45.816998
101.663142, 45.822951
101.813024, 45.828903
101.962906, 45.834856
102.112787, 45.840808
102.262669, 45.846761
102.412551, 45.852714
102.562433, 45.858666
102.712315, 45.864619
102.862197, 45.870571
103.012079, 45.876524
103.161960, 45.882476
103.311842, 45.888429
103.461724, 45.894382
103.611606, 45.900334
103.761488, 45.906287
103.911370, 45.912239
104.061251, 45.918192
104.211133, 45.924144
104.361015, 45.930097
104.510897, 45.936050
104.660779, 45.942002
104.810661, 45.947955
104.960543, 45.953907
105.110424, 45.959860
105.260306, 45.965812
105.410188, 45.971765
105.560070, 45.977718
105.709952, 45.983670
105.859834, 45.989623
106.009715, 45.995575
106.159596, 46.001568
106.309376, 46.009596
106.458678, 46.023883
106.607231, 46.044616
106.755151, 46.069485
106.902412, 46.098000
107.048647, 46.131352
107.193803, 46.169156
107.338363, 46.209180
107.482382, 46.251112
107.625999, 46.294403
107.769352, 46.338559
107.912544, 46.383236
108.055643, 46.428212
108.198688, 46.473357
108.341704, 46.518596
108.484703, 46.563885
108.627694, 46.609203
108.770680, 46.654534
108.913663, 46.699874
109.056646, 46.745218
109.199627, 46.790564
109.342608, 46.835912
109.485589, 46.881259
109.628570, 46.926608
109.771551, 46.971956
109.914532, 47.017304
110.057513, 47.062653
110.200494, 47.108001
110.343475, 47.153350
110.486455, 47.198698
110.629436, 47.244047
110.772417, 47.289396
110.915398, 47.334744
111.058379, 47.380093
111.201359, 47.425441
111.344340, 47.470790
111.487321, 47.516138
111.630302, 47.561487
111.773283, 47.606835
111.916263, 47.652184
112.059244, 47.697532
112.202225, 47.742881
112.345206, 47.788229
112.488187, 47.833578
112.631049, 47.879297
112.772980, 47.927821
112.914388, 47.977860
113.055406, 48.028985
113.196020, 48.081210
113.335970, 48.135188
113.475470, 48.190322
113.614697, 48.246142
113.753684, 48.302554
113.892505, 48.359378
114.031070, 48.416818
114.168087, 48.477837
114.302508, 48.544388
114.435219, 48.614296
114.566505, 48.686843
114.696474, 48.761728
114.825487, 48.838249
114.953882, 48.915803
115.081903, 48.993974
115.209707, 49.072498
115.337389, 49.151222
115.465003, 49.230055
115.592579, 49.308948
115.720136, 49.387874
115.847682, 49.466817
115.975222, 49.545769
116.102760, 49.624727
116.230296, 49.703686
116.357830, 49.782647
116.485365, 49.861609
116.612899, 49.940571
116.740433, 50.019534
116.867967, 50.098496
116.995501, 50.177459
117.123035, 50.256421
117.250569, 50.335384
117.378103, 50.414346
117.505637, 50.493309
117.633171, 50.572271
117.760622, 50.651368
117.886542, 50.732867
118.009708, 50.818477
118.131359, 50.906229
118.251639, 50.995852
118.370680, 51.087115
118.488841, 51.179517
118.606439, 51.272633
118.723700, 51.366174
118.840766, 51.459959
118.957721, 51.553881
119.074616, 51.647879
119.191379, 51.742040
119.306309, 51.838420
119.417989, 51.938551
119.527898, 52.040628
119.636212, 52.144396
119.743092, 52.249640
119.848958, 52.355905
119.954177, 52.462811
120.058729, 52.570368
120.161468, 52.679660
120.263577, 52.789540
120.365029, 52.900027
120.465912, 53.011035
120.566397, 53.122402
120.666633, 53.233993
120.766721, 53.345719
120.866722, 53.457521
120.966675, 53.569366
121.066602, 53.681235
121.166515, 53.793116
121.266420, 53.905005
121.366320, 54.016897
121.466219, 54.128791
121.566116, 54.240687
121.666012, 54.352582
121.765908, 54.464479
121.865804, 54.576375
121.965700, 54.688271
122.064596, 54.801049
122.161259, 54.915749
122.257097, 55.031139
122.351975, 55.147320
122.446031, 55.264168
122.539519, 55.381471
122.632649, 55.499059
122.725566, 55.616814
122.818361, 55.734667
122.911087, 55.852573
123.003743, 55.970533
123.094830, 56.089706
123.183862, 56.210425
123.272049, 56.331764
123.359226, 56.453829
123.445559, 56.576493
123.529661, 56.700691
123.610136, 56.827273
123.688938, 56.954906
123.766124, 57.083521
123.841939, 57.212951
123.916805, 57.342932
123.991077, 57.473253
124.064995, 57.603775
124.138710, 57.734413
124.212311, 57.865114
124.285850, 57.995851
124.359354, 58.126607
124.432840, 58.257373
124.506316, 58.388145
124.579786, 58.518920
124.653254, 58.649697
124.726721, 58.780474
124.800186, 58.911251
124.873652, 59.042029
124.947117, 59.172807
125.020582, 59.303585
125.094047, 59.434363
125.167511, 59.565142
125.240976, 59.695920
125.314441, 59.826698
125.387906, 59.957476
125.461371, 60.088254
125.534836, 60.219032
125.608301, 60.349810
125.681765, 60.480588
125.755230, 60.611366
125.828695, 60.742145
125.902160, 60.872923
125.975625, 61.003701
126.049090, 61.134479
126.122554, 61.265257
126.196019, 61.396035
126.269484, 61.526813
126.342949, 61.657591
126.416513, 61.788314
126.490141, 61.919000
126.563809, 62.049664
126.637521, 62.180303
126.711265, 62.310924
126.785030, 62.441533
126.858808, 62.572134
126.932593, 62.702732
127.006383, 62.833327
127.080175, 62.963921
127.153968, 63.094514
127.227761, 63.225107
127.301556, 63.355700
127.375350, 63.486292
127.449144, 63.616885
127.522939, 63.747477
127.597002, 63.877917
127.671434, 64.008147
127.746005, 64.138297
127.820753, 64.268347
127.895639, 64.398316
127.970616, 64.528233
128.045650, 64.658117
128.120717, 64.787983
128.195803, 64.917837
128.270899, 65.047685
128.346001, 65.177530
128.421106, 65.307373
128.496213, 65.437215
128.571320, 65.567057
128.646429, 65.696898
128.721537, 65.826739
128.796646, 65.956580
128.871754, 66.086421
128.946863, 66.216262
129.021971, 66.346103
129.097080, 66.475944
129.172189, 66.605785
129.247298, 66.735626
129.322406, 66.865467
129.397515, 66.995308
129.473015, 67.124922
129.548774, 67.254385
129.624690, 67.383755
129.700778, 67.513025
129.776993, 67.642219
129.853291, 67.771365
129.929640, 67.900480
130.006530, 68.029274
130.083595, 68.157964
130.160838, 68.286546
130.238250, 68.415028
130.315782, 68.543437
130.393390, 68.671799
130.471044, 68.800134
130.548760, 68.928432
130.627053, 69.056378
130.705452, 69.184259
130.784030, 69.312030
130.862764, 69.439705
130.941607, 69.567313
131.020519, 69.694878
131.099471, 69.822419
131.178447, 69.949944
131.257436, 70.077462
131.336566, 70.204892
131.416846, 70.331601
131.497402, 70.458134
131.578343, 70.584422
131.659626, 70.710489
131.741149, 70.836402
131.822822, 70.962217
131.905161, 71.087597
131.988366, 71.212404
132.071888, 71.337000
132.155804, 71.461330
132.240026, 71.585454
132.324449, 71.709441
132.408997, 71.833343
132.493617, 71.957195
132.578278, 72.081019
132.662963, 72.204828
132.747660, 72.328627
132.832364, 72.452423
132.917326, 72.576041
133.002641, 72.699416
133.088087, 72.822700
133.173701, 72.945867
133.259446, 73.068943
133.345279, 73.191959
133.431164, 73.314937
133.517082, 73.437893
133.603017, 73.560837
133.688962, 73.683774
133.774912, 73.806707
133.860865, 73.929638
133.946820, 74.052567
134.032776, 74.175497
134.118733, 74.298426
134.204689, 74.421354
134.290646, 74.544283
134.376569, 74.667235
134.461952, 74.790563
134.547241, 74.913955
134.632361, 75.037465
134.717332, 75.161077
134.802166, 75.284783
134.886390, 75.408905
134.970480, 75.533118
135.054377, 75.657462
135.137001, 75.782651
135.215430, 75.910505
135.290750, 76.040222
135.364079, 76.171074
135.435410, 76.303027
135.505239, 76.435781
135.573943, 76.569122
135.639491, 76.704032
135.698461, 76.841938
135.751669, 76.982176
135.801072, 77.123803
135.846992, 77.266599
135.890211, 77.410236
135.931637, 77.554401
135.971921, 77.698891
136.009587, 77.844078
136.041966, 77.990536
136.071183, 78.137662
136.098051, 78.285234
136.122727, 78.433190
136.145827, 78.581400
136.167919, 78.729764
136.189404, 78.878217
136.210538, 79.026721
136.231473, 79.175253
136.252299, 79.323800
136.273065, 79.472355
136.293799, 79.620916
136.314515, 79.769478
136.335223, 79.918042
136.355925, 80.066606
136.375863, 80.215274
136.391167, 80.364478
136.399361, 80.514244
136.402552, 80.664205
136.399979, 80.814167
136.387562, 80.963615
136.364710, 81.111843
136.334563, 81.258773
136.297823, 81.404184
136.251445, 81.546796
136.194422, 81.685506
136.129858, 81.820887
136.059810, 81.953512
135.982395, 82.081960
135.895399, 82.204106
135.798655, 82.318677
135.691639, 82.423701
135.574491, 82.517281
135.449147, 82.599603
135.318533, 82.673323
135.184405, 82.740451
135.047889, 82.802595
134.909920, 82.861449
134.771091, 82.918250
134.631049, 82.971971
134.488594, 83.018874
134.343313, 83.056081
134.195917, 83.083800
134.047347, 83.104393
133.898101, 83.119341
133.748472, 83.129837
133.598662, 83.137346
133.448769, 83.143010
133.298839, 83.147588
133.148892, 83.151547
132.998932, 83.155002
132.848940, 83.155419
132.699124, 83.148438
132.549865, 83.133661
132.401240, 83.113440
132.253279, 83.088819
132.105966, 83.060571
131.959146, 83.029850
131.812657, 82.997589
131.666407, 82.964262
131.520953, 82.927647
131.376865, 82.885964
131.233574, 82.841609
131.091014, 82.794959
130.949122, 82.746314
130.807711, 82.696285
130.666611, 82.645387
130.525698, 82.593971
130.384894, 82.542259
130.244151, 82.490380
130.103912, 82.437162
129.965486, 82.379404
129.828468, 82.318367
129.692383, 82.255274
129.557265, 82.190138
129.422889, 82.123483
129.289007, 82.055839
129.155430, 81.987597
129.022648, 81.917825
128.892298, 81.843620
128.763794, 81.766249
128.636496, 81.686909
128.510423, 81.605636
128.385283, 81.522934
128.260759, 81.439305
128.136613, 81.355116
128.012689, 81.270602
127.888890, 81.185902
127.765162, 81.101101
127.641383, 81.016374
127.517302, 80.932089
127.393163, 80.847889
127.268915, 80.763851
127.144574, 80.679950
127.020171, 80.596142
126.895728, 80.512393
126.771262, 80.428678
126.646782, 80.344983
126.522295, 80.261300
126.397803, 80.177623
126.273310, 80.093949
126.148815, 80.010276
126.024319, 79.926605
125.899824, 79.842934
125.775328, 79.759264
125.650832, 79.675593
125.526335, 79.591923
125.401839, 79.508253
125.277343, 79.424583
125.152847, 79.340912
125.028351, 79.257242
124.903855, 79.173572
124.779359, 79.089902
124.654862, 79.006231
124.530366, 78.922561
124.405870, 78.838891
124.281374, 78.755221
124.156878, 78.671551
124.032382, 78.587880
123.907885, 78.504210
123.783389, 78.420540
123.658893, 78.336870
123.534397, 78.253200
123.409901, 78.169529
123.285405, 78.085859
123.160908, 78.002189
123.036412, 77.918519
122.911916, 77.834848
122.787420, 77.751178
122.662924, 77.667508
122.538427, 77.583838
122.413931, 77.500168
122.289435, 77.416497
122.164939, 77.332827
122.040443, 77.249157
121.915947, 77.165487
121.791450, 77.081817
121.666954, 76.998146
121.542458, 76.914476
121.417962, 76.830806
121.293466, 76.747136
121.168970, 76.663466
121.044473, 76.579795
120.919977, 76.496125
120.795481, 76.412455
120.670985, 76.328785
120.546489, 76.245114
120.421993, 76.161444
120.297496, 76.077774
120.173000, 75.994104
120.048504, 75.910434
119.924008, 75.826763
119.799512, 75.743093
119.675016, 75.659423
119.550497, 75.575786
119.425612, 75.492697
119.300664, 75.409703
119.175603, 75.326881
119.050441, 75.244209
118.925211, 75.161642
118.799936, 75.079141
118.674467, 74.996939
118.548749, 74.915115
118.422936, 74.833438
118.297008, 74.751939
118.170991, 74.670578
118.044915, 74.589307
117.918594, 74.508420
117.791081, 74.429425
117.663196, 74.351032
117.534890, 74.273331
117.406209, 74.196252
117.277266, 74.119611
117.148159, 74.043247
117.018954, 73.967050
116.889693, 73.890948
116.760400, 73.814901
116.630743, 73.739477
116.500587, 73.664915
116.370255, 73.590662
116.239695, 73.516810
116.108957, 73.443273
115.978102, 73.369946
115.847175, 73.296747
115.716205, 73.223624
115.585211, 73.150545
115.454204, 73.077489
115.322698, 73.005337
115.190860, 72.933792
115.058828, 72.862606
114.926585, 72.791812
114.794184, 72.721314
114.661680, 72.651009
114.528535, 72.581931
114.394582, 72.514431
114.260326, 72.447532
114.125703, 72.381376
113.990795, 72.315803
113.855698, 72.250620
113.720486, 72.185677
113.585206, 72.120875
113.449887, 72.056154
113.314547, 71.991478
113.179195, 71.926826
113.043836, 71.862187
112.908475, 71.797556
112.773111, 71.732929
112.637747, 71.668303
112.502382, 71.603679
112.367016, 71.539055
112.231651, 71.474432
112.096285, 71.409809
111.960920, 71.345185
111.825554, 71.280562
111.690188, 71.215939
111.554823, 71.151316
111.419457, 71.086693
111.284091, 71.022070
111.148726, 70.957447
111.013360, 70.892824
110.877995, 70.828201
110.742629, 70.763577
110.607263, 70.698954
110.471898, 70.634331
110.336532, 70.569708
110.201166, 70.505085
110.065801, 70.440462
109.930435, 70.375839
109.795070, 70.311216
109.659704, 70.246593
109.524338, 70.181969
109.388973, 70.117346
109.253607, 70.052723
109.118241, 69.988100
108.982876, 69.923477
108.847510, 69.858854
108.712144, 69.794231
108.576779, 69.729608
108.441413, 69.664985
108.306048, 69.600362
108.170682, 69.535738
108.035316, 69.471115
107.899951, 69.406492
107.764585, 69.341869
107.629219, 69.277246
107.493854, 69.212623
107.358488, 69.148000
107.223122, 69.083377
107.087757, 69.018754
106.952391, 68.954131
106.817026, 68.889507
106.681660, 68.824884
106.546294, 68.760261
106.410929, 68.695638
106.275563, 68.631015
106.140197, 68.566392
106.004832, 68.501769
105.869466, 68.437146
105.734101, 68.372523
105.598735, 68.307899
105.463369, 68.243276
105.328004, 68.178653
105.192638, 68.114030
105.057272, 68.049407
104.921907, 67.984784
104.786541, 67.920161
104.651175, 67.855538
104.515810, 67.790915
104.380444, 67.726292
104.245079, 67.661668
104.109713, 67.597045
103.974347, 67.532422
103.838982, 67.467799
103.703616, 67.403176
103.568250, 67.338553
103.432885, 67.273930
103.297519, 67.209307
103.162154, 67.144684
103.026788, 67.080061
102.891422, 67.015437
102.756057, 66.950814
102.620691, 66.886191
102.485325, 66.821568
102.349960, 66.756945
102.214594, 66.692322
102.079228, 66.627699
101.943863, 66.563076
101.808497, 66.498453
101.673132, 66.433829
101.537766, 66.369206
101.402400, 66.304583
101.267035, 66.239960
101.131669, 66.175337
100.996303, 66.110714
100.860938, 66.046091
100.725572, 65.981468
100.590207, 65.916845
100.454841, 65.852222
100.319475, 65.787598
100.184110, 65.722975
100.048744, 65.658352
99.913378, 65.593729
99.778013, 65.529106
99.642647, 65.464483
99.507281, 65.399860
99.371916, 65.335237
99.236550, 65.270614
99.101185, 65.205991
98.965819, 65.141367
98.830453, 65.076744
98.695088, 65.012121
98.559722, 64.947498
98.424356, 64.882875
98.288991, 64.818252
98.153625, 64.753629
98.018259, 64.689006
97.882894, 64.624383
97.747528, 64.559759
97.612163, 64.495136
97.476797, 64.430513
97.341431, 64.365890
97.206066, 64.301267
97.070700, 64.236644
96.935334, 64.172021
96.799969, 64.107398
96.664603, 64.042775
96.529238, 63.978152
96.393872, 63.913528
96.258506, 63.848905
96.123141, 63.784282
95.987775, 63.719659
95.852409, 63.655036
95.717044, 63.590413
95.581678, 63.525790
95.446312, 63.461167
95.310947, 63.396544
95.175581, 63.331921
95.040216, 63.267297
94.904850, 63.202674
94.769484, 63.138051
94.634119, 63.073428
94.498753, 63.008805
94.363387, 62.944182
94.228022, 62.879559
94.092656, 62.814936
93.957291, 62.750313
93.821925, 62.685689
93.686559, 62.621066
93.551194, 62.556443
93.415828, 62.491820
93.280462, 62.427197
93.145097, 62.362574
93.009731, 62.297951
92.874365, 62.233328
92.739000, 62.168705
92.603634, 62.104082
92.468269, 62.039458
92.332903, 61.974835
92.197537, 61.910212
92.062172, 61.845589
91.926806, 61.780966
91.791440, 61.716343
91.656075, 61.651720
91.520709, 61.587097
91.385343, 61.522474
91.249978, 61.457851
91.114612, 61.393227
90.979247, 61.328604
90.843881, 61.263981
90.708515, 61.199358
90.573150, 61.134735
90.437784, 61.070112
90.302418, 61.005489
90.167053, 60.940866
90.031687, 60.876243
89.896322, 60.811619
89.760956, 60.746996
89.625590, 60.682373
89.490225, 60.617750
89.354859, 60.553127
89.219493, 60.488504
89.084128, 60.423881
88.948762, 60.359258
88.813396, 60.294635
88.678031, 60.230012
88.542665, 60.165388
88.407300, 60.100765
88.271934, 60.036142
88.136568, 59.971519
88.001203, 59.906896
87.865837, 59.842273
87.730471, 59.777650
87.595106, 59.713027
87.459740, 59.648404
87.324375, 59.583780
87.189009, 59.519157
87.053575, 59.454677
86.916948, 59.392783
86.778351, 59.335428
86.638769, 59.280505
86.498355, 59.227747
86.357230, 59.176917
86.215624, 59.127444
86.073720, 59.078830
85.931642, 59.030730
85.789463, 58.982926
85.647228, 58.935288
85.504963, 58.887742
85.362681, 58.840247
85.220390, 58.792778
85.078094, 58.745324
84.935796, 58.697878
84.793496, 58.650435
84.651196, 58.602995
84.508895, 58.555556
84.366594, 58.508117
84.224293, 58.460679
84.081991, 58.413241
83.939690, 58.365803
83.797389, 58.318365
83.655088, 58.270928
83.512786, 58.223490
83.370485, 58.176052
83.228184, 58.128614
83.085883, 58.081176
82.943581, 58.033738
82.801280, 57.986301
82.658979, 57.938863
82.516677, 57.891425
82.374376, 57.843987
82.232075, 57.796549
82.089774, 57.749111
81.947472, 57.701674
81.805171, 57.654236
81.662870, 57.606798
81.520569, 57.559360
81.378267, 57.511922
81.235966, 57.464484
81.093665, 57.417047
80.951363, 57.369609
80.809062, 57.322171
80.666761, 57.274733
80.524460, 57.227295
80.382158, 57.179858
80.239857, 57.132420
80.097556, 57.084982
79.955255, 57.037544
79.812953, 56.990106
79.670652, 56.942668
79.528351, 56.895231
79.386049, 56.847793
79.243748, 56.800355
79.101447, 56.752917
78.959146, 56.705479
78.816844, 56.658041
78.674226, 56.611570
78.531396, 56.565748
78.388443, 56.520311
78.245357, 56.475297
78.102170, 56.430602
77.958920, 56.386114
77.815629, 56.341752
77.672316, 56.297465
77.528990, 56.253220
77.385657, 56.208997
77.242320, 56.164788
77.098981, 56.120585
76.955640, 56.076386
76.812300, 56.032190
76.668958, 55.987994
76.525617, 55.943798
76.382275, 55.899603
76.238934, 55.855409
76.095592, 55.811214
75.952250, 55.767019
75.808909, 55.722824
75.665567, 55.678630
75.522225, 55.634435
75.378884, 55.590240
75.235542, 55.546046
75.092200, 55.501851
74.948859, 55.457656
74.805517, 55.413462
74.662175, 55.369267
74.518834, 55.325072
74.375492, 55.280878
74.232150, 55.236683
74.088809, 55.192488
73.945467, 55.148294
73.802125, 55.104099
73.658784, 55.059904
73.515442, 55.015710
73.372101, 54.971515
73.228759, 54.927320
73.085417, 54.883126
72.942076, 54.838931
72.798734, 54.794736
72.655392, 54.750542
72.512051, 54.706347
72.368709, 54.662152
72.225367, 54.617957
72.082026, 54.573763
71.938684, 54.529568
71.795342, 54.485373
71.652001, 54.441179
71.508659, 54.396984
71.365317, 54.352789
71.221976, 54.308595
71.078634, 54.264400
70.935292, 54.220205
70.791951, 54.176011
70.648609, 54.131816
70.505267, 54.087621
70.361926, 54.043427
70.218584, 53.999232
70.075242, 53.955037
69.931901, 53.910843
69.788559, 53.866648
69.645217, 53.822453
69.501876, 53.778259
69.358534, 53.734064
69.215192, 53.689869
69.071851, 53.645675
68.928509, 53.601480
68.785167, 53.557285
68.641826, 53.513091
68.498484, 53.468896
68.355143, 53.424701
68.211801, 53.380507
68.068459, 53.336312
67.925118, 53.292117
67.781776, 53.247922
67.638434, 53.203728
67.495093, 53.159533
67.351751, 53.115338
67.208409, 53.071144
67.065068, 53.026949
66.921726, 52.982754
66.778384, 52.938560
66.635043, 52.894365
66.491701, 52.850170
66.348359, 52.805976
66.204885, 52.762214
66.061324, 52.718738
65.917710, 52.675438
65.774038, 52.632328
65.630324, 52.589359
65.486582, 52.546483
65.342824, 52.503663
65.199056, 52.460876
65.055282, 52.418108
64.911506, 52.375350
64.767727, 52.332598
64.623948, 52.289848
64.480168, 52.247101
64.336388, 52.204354
64.192608, 52.161607
64.048827, 52.118861
63.905047, 52.076115
63.761267, 52.033369
63.617486, 51.990623
63.473706, 51.947877
63.329926, 51.905132
63.186145, 51.862386
63.042365, 51.819640
62.898585, 51.776894
62.754804, 51.734148
62.611024, 51.691402
62.467244, 51.648656
62.323463, 51.605911
62.179683, 51.563165
62.035903, 51.520419
61.892122, 51.477673
61.748342, 51.434927
61.604561, 51.392181
61.460781, 51.349435
61.317001, 51.306690
61.173220, 51.263944
61.029440, 51.221198
60.885660, 51.178452
60.741879, 51.135706
60.598099, 51.092960
60.454319, 51.050214
60.310538, 51.007468
60.166758, 50.964723
60.022978, 50.921977
59.879197, 50.879231
59.735417, 50.836485
59.591636, 50.793739
59.447856, 50.750993
59.304076, 50.708247
59.160295, 50.665502
59.016515, 50.622756
58.872735, 50.580010
58.728954, 50.537264
58.585174, 50.494518
58.441394, 50.451772
58.297613, 50.409026
58.153833, 50.366281
58.010053, 50.323535
57.866272, 50.280789
57.722492, 50.238043
57.578711, 50.195297
57.434931, 50.152551
57.291151, 50.109805
57.147370, 50.067059
57.003590, 50.024314
56.859810, 49.981568
56.716029, 49.938822
56.572249, 49.896076
56.428469, 49.853330
56.284688, 49.810584
56.140908, 49.767838
55.997128, 49.725093
55.853347, 49.682347
55.709567, 49.639601
55.565786, 49.596855
55.422006, 49.554109
55.278226, 49.511363
55.134445, 49.468617
54.990665, 49.425872
54.846885, 49.383126
54.703104, 49.340380
54.559324, 49.297634
54.415544, 49.254888
54.271763, 49.212142
54.127983, 49.169396
53.984203, 49.126651
53.840335, 49.084200
53.696347, 49.042159
53.552315, 49.000270
53.408226, 48.958577
53.264092, 48.917036
53.119930, 48.875598
52.975749, 48.834222
52.831515, 48.793035
52.687118, 48.752419
52.542686, 48.711932
52.398195, 48.671651
52.253659, 48.631537
52.109090, 48.591537
51.964383, 48.552043
51.819586, 48.512880
51.674734, 48.473918
51.529828, 48.435161
51.384881, 48.396554
51.239909, 48.358044
51.094921, 48.319593
50.949884, 48.281329
50.804696, 48.243638
50.659476, 48.206076
50.514202, 48.168720
50.368885, 48.131532
50.223538, 48.094457
50.078174, 48.057454
49.932800, 48.020492
49.787419, 47.983554
49.642034, 47.946630
49.496648, 47.909713
49.351261, 47.872799
49.205873, 47.835888
49.060485, 47.798979
48.915097, 47.762069
48.769709, 47.725160
48.624210, 47.688691
48.478639, 47.652511
48.333023, 47.616510
48.187360, 47.580701
48.041662, 47.545036
47.895941, 47.509464
47.750206, 47.473950
47.604356, 47.438909
47.458433, 47.404177
47.312464, 47.369635
47.166449, 47.335291
47.020399, 47.301095
46.874326, 47.266994
46.728241, 47.232951
46.582147, 47.198942
46.436049, 47.164952
46.289948, 47.130973
46.143846, 47.096999
45.997743, 47.063029
45.851640, 47.029060
45.705435, 46.995534
45.559163, 46.962299
45.412851, 46.929243
45.266495, 46.896381
45.120106, 46.863664
44.973599, 46.831483
44.827016, 46.799651
44.680378, 46.768072
44.533558, 46.737350
44.386682, 46.706895
44.239744, 46.676741
44.092668, 46.647269
43.945502, 46.618250
43.798281, 46.589508
43.651019, 46.560979
43.503849, 46.531982
43.356678, 46.502985
43.209534, 46.473855
43.062507, 46.444143
42.915567, 46.413996
42.769092, 46.381691
42.623240, 46.346659
42.477677, 46.310451
42.332485, 46.272781
42.188332, 46.231345
42.046450, 46.182718
41.906803, 46.127978
41.770079, 46.066345
41.638604, 45.994226
41.513713, 45.911215
41.394839, 45.819767
41.280821, 45.722325
41.173279, 45.617803
41.074499, 45.504971
40.983426, 45.385806
40.897744, 45.262696
40.816579, 45.136562
40.741230, 45.006881
40.673497, 44.873062
40.610940, 44.736734
40.551931, 44.598832
40.496704, 44.459377
40.448045, 44.317511
40.409222, 44.172656
40.381754, 44.025231
40.364654, 43.876231
40.355102, 43.726547
40.351565, 43.576596
40.352501, 43.426602
40.356344, 43.276653
40.363284, 43.126819
40.376846, 42.977455
40.399228, 42.829151
40.428175, 42.681978
40.461815, 42.535805
40.499519, 42.390624
40.540142, 42.246232
40.583906, 42.102764
40.634029, 41.961407
40.691222, 41.822750
40.752935, 41.686037
40.818187, 41.550978
40.886387, 41.417381
40.956602, 41.284830
41.028071, 41.152952
41.100624, 41.021667
41.176835, 40.892482
41.258395, 40.766602
41.343173, 40.642860
41.430450, 40.520869
41.520532, 40.400937
41.615712, 40.285026
41.716153, 40.173630
41.819590, 40.065002
41.925460, 39.958744
42.033266, 39.854449
42.142360, 39.751501
42.252353, 39.649514
42.364198, 39.549564
42.476911, 39.450590
42.590267, 39.352355
42.704195, 39.254782
42.818521, 39.157676
42.933099, 39.060868
43.047826, 38.964236
43.162640, 38.867707
43.277751, 38.771534
43.395238, 38.678293
43.517043, 38.590772
43.641962, 38.507743
43.768943, 38.427902
43.897753, 38.351044
44.027876, 38.276426
44.158849, 38.203312
44.291246, 38.132817
44.425100, 38.065120
44.559570, 37.998654
44.694666, 37.933471
44.830235, 37.869277
44.966112, 37.805736
45.102177, 37.742598
45.238350, 37.679694
45.374585, 37.616924
45.510854, 37.554229
45.646577, 37.490367
45.781032, 37.423872
45.914996, 37.356391
46.048095, 37.287221
46.180652, 37.217018
46.312770, 37.145991
46.444586, 37.074405
46.576212, 37.002470
46.707725, 36.930329
46.839173, 36.858070
46.970585, 36.785745
47.101977, 36.713383
47.233358, 36.641002
47.364082, 36.567447
47.492756, 36.490363
47.620376, 36.411541
47.747092, 36.331273
47.872944, 36.249657
47.998169, 36.167083
48.122991, 36.083899
48.247569, 36.000351
48.372005, 35.916591
48.496361, 35.832713
48.620240, 35.748134
48.741858, 35.660342
48.861992, 35.570522
48.981131, 35.479386
49.098411, 35.385879
49.211340, 35.287182
49.319064, 35.182816
49.423121, 35.074786
49.522143, 34.962145
49.614803, 34.844201
49.703548, 34.723275
49.789237, 34.600163
49.872522, 34.475411
49.954197, 34.349597
50.034876, 34.223142
50.114969, 34.096315
50.194727, 33.969278
50.274300, 33.842123
50.353770, 33.714905
50.433184, 33.587652
50.512569, 33.460380
50.591938, 33.333099
50.671298, 33.205812
50.750654, 33.078522
50.830007, 32.951231
50.909360, 32.823939
50.988711, 32.696647
51.068063, 32.569355
51.147280, 32.441979
51.224060, 32.313127
51.294886, 32.180918
51.358985, 32.045330
51.413022, 31.905434
51.458375, 31.762472
51.497526, 31.617680
51.531532, 31.471592
51.561788, 31.324677
51.589624, 31.177284
51.615998, 31.029621
51.641524, 30.881809
51.666569, 30.733915
51.691349, 30.585976
51.715984, 30.438013
51.740541, 30.290036
51.765016, 30.142046
51.787454, 29.993739
51.803421, 29.844612
51.811297, 29.694832
51.811800, 29.544856
51.800746, 29.395311
51.777172, 29.247209
51.744179, 29.100899
51.704576, 28.956233
51.659743, 28.813095
51.611323, 28.671128
51.560664, 28.529942
51.507960, 28.389509
51.450171, 28.251105
51.384443, 28.116293
51.312427, 27.984722
51.236124, 27.855586
51.155805, 27.728911
51.070318, 27.605666
50.981791, 27.484577
50.891300, 27.364949
50.799280, 27.246491
50.705208, 27.129662
50.606244, 27.016967
50.500863, 26.910244
50.390879, 26.808258
50.277707, 26.709818
50.161597, 26.614864
50.041342, 26.525236
49.915477, 26.443689
49.785192, 26.369381
49.652145, 26.300124
49.516976, 26.235102
49.380260, 26.173392
49.242565, 26.113896
49.104288, 26.055765
48.965675, 25.998437
48.826874, 25.941566
48.687969, 25.884950
48.549007, 25.828474
48.410014, 25.772074
48.270860, 25.716075
48.130355, 25.663583
47.987220, 25.618803
47.841665, 25.582631
47.694615, 25.553068
47.546603, 25.528782
47.397608, 25.511627
47.247843, 25.503536
47.097862, 25.502252
46.948126, 25.510484
46.799457, 25.530214
46.652140, 25.558394
46.506387, 25.593743
46.363460, 25.639139
46.223980, 25.694272
46.087358, 25.756158
45.954621, 25.825977
45.824951, 25.901371
45.697452, 25.980382
45.571699, 26.062147
45.447141, 26.145724
45.323332, 26.230407
45.200189, 26.316054
45.079488, 26.405094
44.963810, 26.500553
44.853008, 26.601645
44.746554, 26.707299
44.646790, 26.819283
44.552313, 26.935783
44.461382, 27.055073
44.373378, 27.176541
44.287415, 27.299464
44.202742, 27.423280
44.118839, 27.547619
44.036019, 27.672680
43.957388, 27.800402
43.886464, 27.932547
43.823300, 28.068583
43.765962, 28.207184
43.713371, 28.347655
43.664643, 28.489517
43.618550, 28.632258
43.574099, 28.775520
43.530622, 28.919081
43.487702, 29.062809
43.445094, 29.206630
43.402656, 29.350502
43.360313, 29.494401
43.318019, 29.638315
43.275752, 29.782237
43.232300, 29.925803
43.187236, 30.068874
43.141575, 30.211755
43.095152, 30.354390
43.048125, 30.496828
43.000694, 30.639132
42.953015, 30.781352
42.905189, 30.923524
42.857280, 31.065667
42.809325, 31.207794
42.761344, 31.349913
42.713349, 31.492028
42.665346, 31.634140
42.617340, 31.776250
42.569331, 31.918360
42.521321, 32.060469
42.473311, 32.202578
42.425301, 32.344687
42.377290, 32.486796
42.329241, 32.628893
42.279267, 32.770318
42.223852, 32.909695
42.164074, 33.047266
42.101563, 33.183617
42.036426, 33.318734
41.969310, 33.452881
41.900219, 33.586017
41.826255, 33.716496
41.745733, 33.843037
41.660820, 33.966684
41.571660, 34.087292
41.476570, 34.203287
41.378058, 34.316399
41.277109, 34.427343
41.174297, 34.536565
41.070265, 34.644626
40.965490, 34.751967
40.860281, 34.858883
40.754826, 34.965556
40.649234, 35.072094
40.542627, 35.177613
40.433926, 35.280976
40.324467, 35.383536
40.214149, 35.485172
40.103112, 35.586021
39.991323, 35.686036
39.876791, 35.782882
39.757160, 35.873338
39.633165, 35.957730
39.506332, 36.037804
39.377203, 36.114121
39.246340, 36.187430
39.114359, 36.258709
38.981703, 36.328727
38.848658, 36.398000
38.715392, 36.466849
38.582003, 36.535460
38.448548, 36.603941
38.314879, 36.672004
38.179549, 36.736677
38.041721, 36.795852
37.902462, 36.851586
37.761861, 36.903826
37.618979, 36.949429
37.474379, 36.989295
37.328896, 37.025819
37.182670, 37.059240
37.035406, 37.087692
36.887057, 37.109847
36.738210, 37.128382
36.588782, 37.141273
36.438849, 37.144459
36.289117, 37.136122
36.140271, 37.117716
35.992506, 37.091992
35.846481, 37.057813
35.703403, 37.012876
35.563768, 36.958184
35.429497, 36.891433
35.302241, 36.812135
35.183516, 36.720547
35.072616, 36.619588
34.967664, 36.512441
34.867558, 36.400743
34.770955, 36.285997
34.676641, 36.169360
34.585304, 36.050384
34.500052, 35.926995
34.423041, 35.798299
34.353038, 35.665650
34.288168, 35.530411
34.227736, 35.393128
34.170615, 35.254433
34.115657, 35.114864
34.063266, 34.974317
34.016878, 34.831689
33.977535, 34.686950
33.942838, 34.541022
33.911884, 34.394255
33.884119, 34.246849
33.858566, 34.099042
33.834445, 33.950995
33.813169, 33.802518
33.798840, 33.653226
33.793999, 33.503326
33.797040, 33.353369
33.805779, 33.203631
33.821290, 33.054453
33.842885, 32.906020
33.867800, 32.758106
33.895703, 32.610728
33.929031, 32.464492
33.971322, 32.320608
34.024298, 32.180316
34.089384, 32.045232
34.167141, 31.917019
34.254881, 31.795390
34.349353, 31.678897
34.448857, 31.566663
34.551772, 31.457542
34.656792, 31.350442
34.763049, 31.244569
34.870012, 31.139407
34.977370, 31.034649
35.084944, 30.930113
35.192637, 30.825699
35.300393, 30.721351
35.408183, 30.617037
35.515992, 30.512743
35.623810, 30.408458
35.731633, 30.304179
35.839459, 30.199902
35.947286, 30.095627
36.055113, 29.991352
36.162942, 29.887078
36.270770, 29.782805
36.378599, 29.678531
36.486427, 29.574257
36.594256, 29.469983
36.702084, 29.365710
36.809913, 29.261436
36.917426, 29.156838
37.024731, 29.052025
37.131907, 28.947081
37.238945, 28.841996
37.345879, 28.736805
37.452745, 28.631545
37.559570, 28.526243
37.666371, 28.420917
37.773158, 28.315578
37.879938, 28.210230
37.986713, 28.104879
38.093487, 27.999525
38.200259, 27.894169
38.306757, 27.788538
38.411150, 27.680829
38.514389, 27.572009
38.616787, 27.462399
38.718326, 27.351991
38.819231, 27.241005
38.919725, 27.129645
39.019970, 27.018061
39.120069, 26.906346
39.220086, 26.794558
39.320057, 26.682729
39.420004, 26.570878
39.519937, 26.459014
39.619862, 26.347145
39.719784, 26.235272
39.819704, 26.123397
39.919623, 26.011521
40.019541, 25.899644
40.119459, 25.787767
40.219377, 25.675890
40.319177, 25.563909
40.416827, 25.450057
40.510672, 25.333043
40.602456, 25.214404
40.692396, 25.094361
40.780682, 24.973095
40.867801, 24.850988
40.954178, 24.728355
41.040111, 24.605409
41.125788, 24.482286
41.211320, 24.359061
41.296773, 24.235782
41.382183, 24.112473
41.467569, 23.989147
41.552942, 23.865813
41.638309, 23.742474
41.723672, 23.619132
41.808904, 23.495700
41.891771, 23.370676
41.970470, 23.242984
42.046926, 23.113933
42.121376, 22.983715
42.194035, 22.852488
42.265396, 22.720551
42.334431, 22.587385
42.401840, 22.453385
42.468348, 22.318936
42.533995, 22.184064
42.599021, 22.048891
42.663649, 21.913528
42.728037, 21.778051
42.792251, 21.642490
42.854535, 21.506038
42.910788, 21.367008
42.958350, 21.224770
42.998506, 21.080257
43.033252, 20.934344
43.063314, 20.787392
43.089888, 20.639767
43.114186, 20.491749
43.137102, 20.343510
43.159212, 20.195149
43.180865, 20.046720
43.202265, 19.898254
43.223527, 19.749769
43.244713, 19.601273
43.265859, 19.452771
43.286984, 19.304266
43.308097, 19.155759
43.329204, 19.007251
43.350308, 18.858743
43.371410, 18.710235
43.392512, 18.561727
43.413613, 18.413218
43.434674, 18.264704
43.453714, 18.115922
43.466277, 17.966470
43.469073, 17.816527
43.460203, 17.666829
43.440615, 17.518137
43.413284, 17.370660
43.379875, 17.224436
43.342007, 17.079299
43.301263, 16.934940
43.258783, 16.791081
43.215296, 16.647523
43.171239, 16.504139
43.126868, 16.360852
43.082323, 16.217619
43.037686, 16.074415
42.992998, 15.931226
42.948284, 15.788045
42.903555, 15.644869
42.858820, 15.501696
42.814080, 15.358523
42.769338, 15.215351
42.724595, 15.072180
42.679851, 14.929009
42.635108, 14.785838
42.590364, 14.642666
42.545620, 14.499495
42.500875, 14.356324
42.456131, 14.213153
42.411387, 14.069982
42.366643, 13.926811
42.321528, 13.783757
42.272870, 13.641879
42.216594, 13.502862
42.150642, 13.368179
42.073453, 13.239624
41.984448, 13.118945
41.886185, 13.005648
41.781723, 12.898022
41.672915, 12.794777
41.563512, 12.692160
41.457592, 12.585963
41.355691, 12.475898
41.256820, 12.363100
41.160833, 12.247838
41.067273, 12.130594
40.975392, 12.012029
40.884566, 11.892654
40.794368, 11.772803
40.704530, 11.652681
40.614894, 11.532409
40.525370, 11.412054
40.435906, 11.291653
40.346475, 11.171228
40.257062, 11.050791
40.167657, 10.930346
40.078258, 10.809898
39.988861, 10.689448
39.899466, 10.568997
39.810071, 10.448546
39.720677, 10.328094
39.631282, 10.207642
39.541888, 10.087190
39.452494, 9.966738
39.363100, 9.846286
39.273706, 9.725834
39.184312, 9.605381
39.094918, 9.484929
39.005524, 9.364477
38.916130, 9.244025
38.826610, 9.123667
38.734824, 9.005037
38.638309, 8.890222
38.538634, 8.778132
38.436765, 8.668031
38.332861, 8.559849
38.227491, 8.453093
38.120646, 8.347815
38.010102, 8.246446
37.895467, 8.149715
37.778530, 8.055773
37.659638, 7.964319
37.537980, 7.876591
37.411677, 7.795726
37.280635, 7.722768
37.146531, 7.655582
37.010307, 7.592801
36.872414, 7.533770
36.733420, 7.477376
36.593759, 7.422653
36.453710, 7.368931
36.313441, 7.315784
36.173049, 7.262962
36.032590, 7.210319
35.892081, 7.157811
35.750856, 7.107271
35.608345, 7.060474
35.465298, 7.015339
35.321730, 6.971887
35.177728, 6.929894
35.033434, 6.888915
34.888961, 6.848576
34.744381, 6.808616
34.599741, 6.768876
34.455068, 6.729259
34.310375, 6.689709
34.165673, 6.650196
34.020966, 6.610703
33.876255, 6.571221
33.731344, 6.532486
33.585310, 6.498281
33.437533, 6.472705
33.288293, 6.458026
33.138354, 6.454925
32.988484, 6.460807
32.839023, 6.473389
32.690093, 6.491236
32.541629, 6.512630
32.393497, 6.536221
32.245575, 6.561104
32.097780, 6.586726
31.950056, 6.612760
31.802373, 6.639021
31.654712, 6.665406
31.507062, 6.691856
31.359419, 6.718342
31.211779, 6.744847
31.064141, 6.771361
30.916504, 6.797881
30.768868, 6.824404
30.621239, 6.850967
30.473989, 6.879534
30.328133, 6.914462
30.184372, 6.957226
30.042389, 7.005591
29.901925, 7.058205
29.762872, 7.114449
29.624868, 7.173224
29.487553, 7.233595
29.350660, 7.294915
29.214012, 7.356780
29.077504, 7.418953
28.941072, 7.481294
28.804846, 7.544081
28.670257, 7.610284
28.538989, 7.682844
28.410447, 7.760145
28.283903, 7.840678
28.159271, 7.924142
28.036101, 8.009751
27.913902, 8.096741
27.792300, 8.184563
27.671048, 8.272869
27.549994, 8.361447
27.429052, 8.450176
27.308170, 8.538988
27.187321, 8.627845
27.066490, 8.716726
26.945668, 8.805619
26.824851, 8.894520
26.704037, 8.983424
26.583224, 9.072329
26.462411, 9.161236
26.341600, 9.250144
26.220788, 9.339051
26.099976, 9.427959
25.979165, 9.516867
25.858354, 9.605774
25.737542, 9.694682
25.616731, 9.783590
25.495919, 9.872498
25.375108, 9.961406
25.254297, 10.050314
25.133485, 10.139221
25.012674, 10.228129
24.891862, 10.317037
24.771075, 10.405977
24.651461, 10.496484
24.533405, 10.589019
24.415994, 10.682370
24.299358, 10.776689
24.183349, 10.871777
24.067765, 10.967382
23.952444, 11.063304
23.837279, 11.159413
23.722202, 11.255629
23.607176, 11.351904
23.492177, 11.448212
23.377193, 11.544538
23.262217, 11.640873
23.147245, 11.737214
23.032275, 11.833557
22.917307, 11.929901
22.802339, 12.026246
22.687372, 12.122592
22.572404, 12.218938
22.457437, 12.315284
22.342470, 12.411630
22.227503, 12.507976
22.112536, 12.604322
21.997569, 12.700668
21.882602, 12.797014
21.767635, 12.893360
21.652668, 12.989707
21.537700, 13.086053
21.422733, 13.182399
21.307766, 13.278745
21.192799, 13.375091
21.077832, 13.471437
20.962865, 13.567783
20.847898, 13.664129
20.732931, 13.760475
20.617964, 13.856821
20.502997, 13.953168
20.388030, 14.049514
20.273063, 14.145860
20.158096, 14.242206
20.043128, 14.338552
19.928257, 14.435012
19.813415, 14.531507
19.698605, 14.628040
19.583826, 14.724610
19.469068, 14.821206
19.354325, 14.917819
19.239591, 15.014441
19.124861, 15.111070
19.010134, 15.207702
18.895408, 15.304336
18.780684, 15.400970
18.665960, 15.497605
18.551236, 15.594241
18.436512, 15.690877
18.321788, 15.787512
18.207065, 15.884148
18.092341, 15.980784
17.977617, 16.077420
17.862894, 16.174056
17.748170, 16.270692
17.633446, 16.367327
17.518723, 16.463963
17.403999, 16.560599
17.289275, 16.657235
17.174552, 16.753871
17.059828, 16.850507
16.945105, 16.947143
16.830381, 17.043778
16.715657, 17.140414
16.600934, 17.237050
16.486210, 17.333686
16.371486, 17.430322
16.256763, 17.526958
16.142039, 17.623594
16.027315, 17.720229
15.912592, 17.816865
15.797868, 17.913501
15.683145, 18.010137
15.568421, 18.106773
15.453697, 18.203409
15.338974, 18.300044
15.224250, 18.396680
15.109526, 18.493316
14.994803, 18.589952
14.880079, 18.686588
14.765355, 18.783224
14.650632, 18.879860
14.535908, 18.976495
14.421185, 19.073131
14.306461, 19.169767
14.191737, 19.266403
14.077014, 19.363039
13.962290, 19.459675
13.847566, 19.556311
13.732843, 19.652946
13.618119, 19.749582
13.503395, 19.846218
13.388672, 19.942854
13.273847, 20.039369
13.157215, 20.133681
13.036859, 20.223192
12.914056, 20.309324
12.789576, 20.393014
12.663348, 20.474040
12.534104, 20.550140
12.400435, 20.618149
12.263273, 20.678836
12.123957, 20.734416
11.982995, 20.785682
11.840844, 20.833561
11.697948, 20.879175
11.554614, 20.923391
11.410810, 20.966049
11.265637, 21.003740
11.118560, 21.033114
10.970267, 21.055623
10.821318, 21.073300
10.671923, 21.086709
10.522271, 21.096897
10.372489, 21.104974
10.222643, 21.111763
10.072765, 21.117801
9.922864, 21.123254
9.772891, 21.125622
9.622976, 21.121026
9.473361, 21.110374
9.324077, 21.095771
9.175189, 21.077563
9.026666, 21.056577
8.878413, 21.033755
8.730337, 21.009808
8.582369, 20.985201
8.434464, 20.960221
8.286660, 20.934649
8.139571, 20.905295
7.993788, 20.870004
7.848928, 20.831081
7.704873, 20.789282
7.561585, 20.744918
7.418867, 20.698749
7.276648, 20.651071
7.135916, 20.599195
6.998117, 20.540000
6.864865, 20.471199
6.736651, 20.393388
6.612579, 20.309110
6.491965, 20.219948
6.374171, 20.127086
6.258319, 20.031808
6.143687, 19.935065
6.029780, 19.837467
5.916290, 19.739386
5.803032, 19.641036
5.689086, 19.543488
5.574111, 19.447151
5.458770, 19.351254
5.342935, 19.255952
5.226226, 19.161728
5.106863, 19.070893
4.985853, 18.982257
4.863795, 18.895071
4.740721, 18.809323
4.616917, 18.724633
4.492645, 18.640630
4.368092, 18.557044
4.243377, 18.473700
4.118571, 18.390494
3.993714, 18.307363
3.868829, 18.224274
3.743929, 18.141207
3.619022, 18.058153
3.494110, 17.975104
3.369195, 17.892060
3.244280, 17.809017
3.119364, 17.725975
2.994448, 17.642933
2.869531, 17.559892
2.744614, 17.476851
2.619698, 17.393810
2.494781, 17.310769
2.369864, 17.227728
2.244947, 17.144687
2.120030, 17.061646
1.995114, 16.978605
1.870197, 16.895564
1.745280, 16.812523
1.620363, 16.729482
1.495447, 16.646441
1.370530, 16.563400
1.245613, 16.480359
1.120696, 16.397319
0.995779, 16.314278
0.870863, 16.231237
0.745946, 16.148196
0.621029, 16.065155
0.496112, 15.982114
0.371196, 15.899073
0.246279, 15.816032
0.121362, 15.732991
-0.003555, 15.649950
-0.128472, 15.566909
-0.253388, 15.483868
-0.378305, 15.400827
-0.503222, 15.317786
-0.628139, 15.234745
-0.753055, 15.151704
-0.877972, 15.068663
-1.002889, 14.985622
-1.127806, 14.902581
-1.252722, 14.819541
-1.377639, 14.736500
-1.502556, 14.653459
-1.627473, 14.570418
-1.752390, 14.487377
-1.877306, 14.404336
-2.002223, 14.321295
-2.127140, 14.238254
-2.252057, 14.155213
-2.376973, 14.072172
-2.501890, 13.989131
-2.626807, 13.906090
-2.751724, 13.823049
-2.876641, 13.740008
-3.001557, 13.656967
-3.126474, 13.573926
-3.251391, 13.490885
-3.376308, 13.407844
-3.501224, 13.324803
-3.626141, 13.241763
-3.751058, 13.158722
-3.875975, 13.075681
-4.000892, 12.992640
-4.125808, 12.909599
-4.250725, 12.826558
-4.375642, 12.743517
-4.500559, 12.660476
-4.625475, 12.577435
-4.750392, 12.494394
-4.875309, 12.411353
-5.000226, 12.328312
-5.125143, 12.245271
-5.250059, 12.162230
-5.374888, 12.079058
-5.498110, 11.993534
-5.616964, 11.902064
-5.730009, 11.803498
-5.838164, 11.699577
-5.942538, 11.591855
-6.043571, 11.480990
-6.142154, 11.367938
-6.239149, 11.253518
-6.335179, 11.138288
-6.430649, 11.022592
-6.525802, 10.906636
-6.620779, 10.790535
-6.715660, 10.674356
-6.809451, 10.557299
-6.899390, 10.437262
-6.986458, 10.315119
-7.071682, 10.191684
-7.155040, 10.066979
-7.236987, 9.941343
-7.318009, 9.815108
-7.398331, 9.688426
-7.476562, 9.560444
-7.553821, 9.431871
-7.630320, 9.302845
-7.706111, 9.173401
-7.781395, 9.043662
-7.855198, 8.913078
-7.923859, 8.779735
-7.984223, 8.642444
-8.036929, 8.502023
-8.084026, 8.359616
-8.125096, 8.215365
-8.159607, 8.069395
-8.190593, 7.922633
-8.218834, 7.775317
-8.244982, 7.627615
-8.267856, 7.479372
-8.289087, 7.330883
-8.309138, 7.182229
-8.327438, 7.033353
-8.340421, 6.883931
-8.344190, 6.734006
-8.336713, 6.584233
-8.315887, 6.435742
-8.280474, 6.290042
-8.232560, 6.147936
-8.175963, 6.009040
-8.112893, 5.872955
-8.045109, 5.739152
-7.971942, 5.608224
-7.890847, 5.482070
-7.802407, 5.360934
-7.709118, 5.243481
-7.612127, 5.129065
-7.512215, 5.017186
-7.410362, 4.907070
-7.307318, 4.798066
-7.203576, 4.689725
-7.099438, 4.581766
-6.995079, 4.474020
-6.889648, 4.367328
-6.780773, 4.264158
-6.669456, 4.163619
-6.556631, 4.064775
-6.442325, 3.967646
-6.326930, 3.871815
-6.210830, 3.776837
-6.094281, 3.682412
-5.976221, 3.589890
-5.854273, 3.502576
-5.728587, 3.420718
-5.600628, 3.342452
-5.470777, 3.267368
-5.339446, 3.194900
-5.207142, 3.124221
-5.074248, 3.054658
-4.941009, 2.985757
-4.807575, 2.917235
-4.674032, 2.848925
-4.540429, 2.780731
-4.406794, 2.712601
-4.273209, 2.644373
-4.139636, 2.576122
-3.979372, 2.494175
-3.845890, 2.425745
-3.712455, 2.357223
-3.579050, 2.288644
-3.445673, 2.220010
-3.312316, 2.151338
-3.178972, 2.082642
-3.045635, 2.013930
-2.912302, 1.945210
-2.778972, 1.876485
-2.645644, 1.807758
-2.512316, 1.739029
-2.378988, 1.670299
-2.245661, 1.601569
-2.112334, 1.532838
-1.979007, 1.464108
-1.845680, 1.395377
-1.712353, 1.326646
-1.579026, 1.257916
-1.445699, 1.189185
-1.312372, 1.120454
-1.179045, 1.051724
-1.045718, 0.982993
-0.912391, 0.914262
-0.779064, 0.845532
-0.645737, 0.776801
-0.512409, 0.708070
-0.379082, 0.639340
-0.245755, 0.570609
-0.112428, 0.501878
0.020899, 0.433148
0.154226, 0.364417
0.287553, 0.295686
0.420880, 0.226956
0.554207, 0.158225
0.687534, 0.089494
0.820861, 0.020764
0.954188, -0.047967
1.087515, -0.116698
1.220842, -0.185429
1.354169, -0.254159
1.487496, -0.322890
1.620823, -0.391621
1.754150, -0.460351
1.887477, -0.529082
2.020804, -0.597813
2.154131, -0.666543
2.287458, -0.735274
2.420785, -0.804005
2.554112, -0.872735
2.687439, -0.941466
